Provider,PredictedFraud_RF,FraudProbability_RF,PredictedFraud_XGB,FraudProbability_XGB,FraudProbability_Combined,PredictedFraud_Combined
PRV51002,0,0.06,0,0.0033872165,0.0260323299,0
PRV51006,0,0.01,0,0.0039933287,0.00639599722,0
PRV51009,0,0.03,0,0.00022621598,0.012135729588,0
PRV51010,0,0.01,0,0.0046885246,0.00681311476,0
PRV51018,0,0.03,0,0.011163968,0.0186983808,0
PRV51019,0,0.0,0,4.23137e-05,2.538822e-05,0
PRV51020,0,0.04,0,0.0065434636,0.01992607816,0
PRV51022,0,0.03,0,0.061469745,0.04888184699999999,0
PRV51028,0,0.01,0,0.0012909491,0.00477456946,0
PRV51033,0,0.02,0,0.0007109501,0.00842657006,0
PRV51034,0,0.0,0,0.00012324641,7.3947846e-05,0
PRV51039,0,0.19,0,0.010911736,0.08254704160000001,0
PRV51050,0,0.02,0,0.01699195,0.018195169999999997,0
PRV51051,0,0.03,0,0.0040669558,0.01444017348,0
PRV51069,1,0.59,1,0.9579973,0.81079838,1
PRV51073,1,0.85,1,0.99867755,0.9392065300000001,1
PRV51079,0,0.05,0,0.023208514,0.0339251084,0
PRV51080,0,0.06,0,0.01252917,0.031517502,0
PRV51085,0,0.06,0,0.017728392,0.0346370352,0
PRV51087,0,0.0,0,4.0482235e-05,2.4289341e-05,0
PRV51088,0,0.12,0,0.025051042,0.0630306252,0
PRV51092,0,0.0,0,0.00024095694,0.00014457416399999998,0
PRV51094,0,0.0,0,0.00028974316,0.00017384589599999997,0
PRV51095,0,0.0,0,5.956822e-05,3.5740931999999996e-05,0
PRV51099,0,0.0,0,0.0013335979,0.00080015874,0
PRV51106,0,0.0,0,0.00028503354,0.000171020124,0
PRV51107,0,0.0,0,0.00016545986,9.9275916e-05,0
PRV51116,0,0.0,0,2.9439787e-05,1.76638722e-05,0
PRV51124,0,0.0,0,0.035958245,0.021574947,0
PRV51127,0,0.04,0,0.0039536795,0.0183722077,0
PRV51133,0,0.01,0,0.00011631318,0.004069787908,0
PRV51150,0,0.01,0,0.00039398758,0.004236392548,0
PRV51157,0,0.0,0,0.00051812467,0.00031087480200000004,0
PRV51158,0,0.03,0,0.0016102906,0.01296617436,0
PRV51161,0,0.18,0,0.28478658,0.242871948,0
PRV51162,1,0.66,1,0.9388833,0.82732998,1
PRV51163,1,0.59,1,0.946124,0.8036743999999999,1
PRV51172,0,0.1,0,0.011289399,0.04677363940000001,0
PRV51174,0,0.0,0,0.00025434644,0.000152607864,0
PRV51177,0,0.0,0,0.0009821273,0.00058927638,0
PRV51182,0,0.0,0,0.0013859695,0.0008315817,0
PRV51184,0,0.0,0,2.1360569e-05,1.2816341399999998e-05,0
PRV51187,0,0.0,0,4.691895e-05,2.8151369999999997e-05,0
PRV51188,0,0.14,0,0.04919395,0.08551637000000001,0
PRV51192,0,0.0,0,0.0003966828,0.00023800967999999998,0
PRV51193,0,0.0,0,0.00015305047,9.183028199999999e-05,0
PRV51195,0,0.03,0,0.020918863,0.0245513178,0
PRV51197,0,0.0,0,0.0002069593,0.00012417557999999998,0
PRV51199,0,0.02,0,0.0007513232,0.00845079392,0
PRV51208,0,0.0,0,0.00015636075,9.381645e-05,0
PRV51220,0,0.0,0,0.00054273254,0.000325639524,0
PRV51223,0,0.0,0,0.00016050786,9.6304716e-05,0
PRV51227,0,0.0,0,0.0001710733,0.00010264397999999999,0
PRV51246,0,0.0,0,0.00014990428,8.994256800000001e-05,0
PRV51254,0,0.22,0,0.087274805,0.140364883,0
PRV51257,0,0.0,0,0.00030989558,0.000185937348,0
PRV51268,0,0.1,0,0.0068044853,0.04408269118000001,0
PRV51269,0,0.02,0,0.0024654625,0.009479277500000001,0
PRV51270,0,0.35,1,0.8965894,0.67795364,1
PRV51275,0,0.02,0,9.940503e-05,0.008059643018,0
PRV51278,0,0.0,0,3.3405966e-05,2.0043579599999998e-05,0
PRV51283,0,0.0,0,0.001012193,0.0006073157999999999,0
PRV51291,0,0.02,0,0.0047806506,0.01086839036,0
PRV51294,0,0.0,0,0.00025297614,0.000151785684,0
PRV51310,0,0.0,0,4.793774e-05,2.8762644000000002e-05,0
PRV51317,0,0.14,0,0.07179877,0.099079262,0
PRV51319,0,0.0,0,0.0012388268,0.00074329608,0
PRV51320,0,0.0,0,0.00013485189,8.0911134e-05,0
PRV51321,0,0.0,0,0.0026076697,0.00156460182,0
PRV51332,0,0.03,0,0.0009925237,0.01259551422,0
PRV51333,0,0.04,0,0.00414934,0.018489604,0
PRV51339,0,0.01,0,8.201109e-05,0.0040492066540000005,0
PRV51343,0,0.15,0,0.016563077,0.0699378462,0
PRV51359,0,0.0,0,0.0002522692,0.00015136152,0
PRV51365,0,0.19,1,0.91454536,0.6247272159999999,1
PRV51367,0,0.0,0,0.001346118,0.0008076708000000001,0
PRV51370,0,0.0,0,7.3136114e-05,4.38816684e-05,0
PRV51372,0,0.03,0,0.0064388555,0.0158633133,0
PRV51373,0,0.27,1,0.90876985,0.65326191,1
PRV51374,0,0.29,0,0.3097867,0.30187202,0
PRV51375,0,0.0,0,0.00010826604,6.4959624e-05,0
PRV51381,0,0.02,0,0.007905481,0.0127432886,0
PRV51384,1,0.68,1,0.99483275,0.86889965,1
PRV51385,0,0.0,0,4.43062e-05,2.658372e-05,0
PRV51400,0,0.0,0,0.00022826236,0.000136957416,0
PRV51402,0,0.0,0,0.00015821702,9.4930212e-05,0
PRV51407,1,1.0,1,0.9998524,0.99991144,1
PRV51411,0,0.02,0,0.02015237,0.020091421999999998,0
PRV51413,0,0.02,0,0.006189402,0.0117136412,0
PRV51417,0,0.17,0,0.017072678,0.0782436068,0
PRV51420,0,0.03,0,0.014059423,0.020435653800000002,0
PRV51445,0,0.0,0,0.000395844,0.0002375064,0
PRV51450,0,0.0,0,0.0012394352,0.0007436611199999999,0
PRV51452,0,0.23,1,0.99009424,0.6860565439999999,1
PRV51457,0,0.01,0,0.0054847053,0.007290823179999999,0
PRV51461,0,0.01,0,0.0024810834,0.00548865004,0
PRV51463,0,0.15,0,0.3832198,0.28993188,0
PRV51473,0,0.24,0,0.37038878,0.31823326799999996,0
PRV51481,0,0.0,0,0.00031024322,0.00018614593200000002,0
PRV51485,0,0.48,0,0.3953159,0.42918954,0
PRV51489,0,0.0,0,0.00011355931,6.8135586e-05,0
PRV51493,0,0.0,0,0.00023995075,0.00014397044999999998,0
PRV51498,0,0.0,0,0.00019294127,0.00011576476199999999,0
PRV51506,0,0.0,0,0.0015201147,0.0009120688199999999,0
PRV51512,0,0.32,1,0.8693454,0.64960724,1
PRV51513,0,0.0,0,0.00061654515,0.00036992708999999995,0
PRV51519,0,0.01,0,0.00069865136,0.004419190816,0
PRV51520,0,0.2,0,0.036521953,0.10191317180000002,0
PRV51524,0,0.02,0,5.747714e-05,0.008034486284000001,0
PRV51530,0,0.0,0,0.00038454714,0.00023072828399999998,0
PRV51537,0,0.01,0,0.00015320991,0.004091925946,0
PRV51538,0,0.0,0,0.002150006,0.0012900035999999998,0
PRV51543,0,0.0,0,0.003319145,0.0019914869999999997,0
PRV51545,0,0.16,0,0.035526305,0.085315783,0
PRV51548,0,0.0,0,0.00021109187,0.00012665512199999999,0
PRV51559,0,0.0,0,0.00091797666,0.000550785996,0
PRV51561,0,0.03,0,0.0721089,0.055265339999999996,0
PRV51565,0,0.03,0,0.023834063,0.0263004378,0
PRV51575,0,0.06,0,0.009496656,0.0296979936,0
PRV51581,0,0.01,0,0.0025499396,0.00552996376,0
PRV51589,0,0.05,0,0.00065895455,0.020395372730000003,0
PRV51591,0,0.14,0,0.0065718656,0.059943119360000005,0
PRV51594,0,0.04,0,0.10324222,0.07794533199999999,0
PRV51597,0,0.03,0,0.002104311,0.013262586600000001,0
PRV51603,0,0.0,0,0.0004229566,0.00025377395999999996,0
PRV51615,0,0.0,0,0.00088357023,0.000530142138,0
PRV51633,0,0.1,0,0.0019263084,0.04115578504000001,0
PRV51643,0,0.03,0,0.00026914125,0.01216148475,0
PRV51646,0,0.01,0,0.00017312897,0.004103877382,0
PRV51648,0,0.09,0,0.03058661,0.054351966,0
PRV51649,0,0.0,0,0.00014460017,8.676010199999999e-05,0
PRV51651,0,0.0,0,0.00022525543,0.000135153258,0
PRV51659,0,0.0,0,0.0011200262,0.0006720157199999999,0
PRV51662,0,0.0,0,0.00024754446,0.000148526676,0
PRV51663,0,0.05,0,0.003441664,0.022064998400000004,0
PRV51667,0,0.0,0,4.8287406e-05,2.8972443599999998e-05,0
PRV51677,0,0.07,0,0.03154964,0.046929784,0
PRV51680,0,0.07,0,0.029490905,0.045694543000000004,0
PRV51683,0,0.0,0,0.001234284,0.0007405704,0
PRV51684,0,0.05,0,0.0055210954,0.023312657240000003,0
PRV51686,0,0.0,0,0.0012754665,0.0007652799,0
PRV51700,0,0.0,0,0.0010690214,0.00064141284,0
PRV51701,0,0.0,0,0.0005742758,0.00034456548,0
PRV51714,0,0.0,0,7.447203e-05,4.4683218e-05,0
PRV51717,0,0.05,0,0.0011434583,0.020686074980000003,0
PRV51728,0,0.02,0,2.6744225e-05,0.008016046535,0
PRV51730,0,0.01,0,0.00036184143,0.004217104858,0
PRV51756,0,0.0,0,4.8832815e-05,2.9299688999999997e-05,0
PRV51757,0,0.01,0,0.00016879225,0.00410127535,0
PRV51760,0,0.0,0,0.000104035906,6.242154359999999e-05,0
PRV51768,0,0.01,0,0.00017869711,0.004107218266,0
PRV51772,0,0.0,0,1.7911052e-05,1.07466312e-05,0
PRV51777,0,0.0,0,0.0007196053,0.00043176318,0
PRV51782,0,0.23,0,0.15820445,0.18692267,0
PRV51783,0,0.0,0,0.00044592773,0.000267556638,0
PRV51785,0,0.01,0,2.1863358e-05,0.0040131180148,0
PRV51791,0,0.0,0,5.2635707e-05,3.15814242e-05,0
PRV51800,0,0.0,0,0.0001631797,9.790782e-05,0
PRV51804,0,0.01,0,0.015590532,0.0133543192,0
PRV51808,0,0.01,0,0.0026656901,0.00559941406,0
PRV51814,0,0.08,0,0.07664507,0.077987042,0
PRV51817,0,0.02,0,0.016556188,0.0179337128,0
PRV51825,0,0.08,0,0.011836762,0.0391020572,0
PRV51832,0,0.0,0,0.0001741882,0.00010451291999999999,0
PRV51834,0,0.01,0,0.002675743,0.0056054458,0
PRV51835,0,0.0,0,7.042323e-05,4.2253938e-05,0
PRV51839,0,0.22,0,0.07166884,0.131001304,0
PRV51844,0,0.0,0,0.00011311836,6.787101599999999e-05,0
PRV51850,0,0.01,0,0.005153263,0.0070919578,0
PRV51853,0,0.01,0,0.0038398944,0.0063039366400000005,0
PRV51854,0,0.43,1,0.95476985,0.74486191,1
PRV51866,0,0.16,0,0.07429238,0.108575428,0
PRV51880,0,0.01,0,0.00016412191,0.004098473146,0
PRV51881,0,0.07,0,0.0028621028,0.029717261680000003,0
PRV51882,0,0.0,0,0.00025220477,0.000151322862,0
PRV51883,0,0.0,0,0.0010384871,0.00062309226,0
PRV51893,0,0.0,0,0.00016244603,9.746761799999999e-05,0
PRV51900,0,0.0,0,3.4137403e-05,2.0482441799999997e-05,0
PRV51903,0,0.0,0,0.00026184256,0.000157105536,0
PRV51904,0,0.0,0,9.071066e-05,5.4426395999999993e-05,0
PRV51907,0,0.0,0,0.0016281813,0.00097690878,0
PRV51912,0,0.0,0,0.00035028762,0.00021017257199999997,0
PRV51939,0,0.48,1,0.9876391,0.7845834599999999,1
PRV51945,0,0.17,0,0.026047988,0.0836287928,0
PRV51953,0,0.29,0,0.28329816,0.28597889600000004,0
PRV51955,1,0.64,1,0.74742323,0.704453938,1
PRV51962,0,0.02,0,0.00021094599,0.008126567594,0
PRV51971,0,0.03,0,0.0005671689,0.01234030134,0
PRV51975,0,0.0,0,0.00013847784,8.3086704e-05,0
PRV51980,0,0.03,0,0.00083999196,0.012503995176,0
PRV51982,1,0.98,1,0.9998086,0.99188516,1
PRV51985,0,0.25,0,0.06789597,0.140737582,0
PRV51986,0,0.0,0,0.0003799787,0.00022798722,0
PRV51997,0,0.0,0,0.00020956175,0.00012573705,0
PRV52000,0,0.02,0,0.0032071827,0.00992430962,0
PRV52005,0,0.4,1,0.8290734,0.65744404,1
PRV52006,0,0.5,1,0.9952042,0.7971225200000001,1
PRV52015,0,0.07,0,0.013926037,0.03635562220000001,0
PRV52016,0,0.0,0,6.6213404e-05,3.97280424e-05,0
PRV52018,0,0.13,0,0.010763381,0.0584580286,0
PRV52023,0,0.04,0,0.011767619,0.0230605714,0
PRV52033,0,0.11,0,0.050202835,0.07412170100000001,0
PRV52034,0,0.0,0,4.8528746e-05,2.9117247599999998e-05,0
PRV52035,0,0.18,0,0.0142929405,0.08057576429999999,0
PRV52036,0,0.33,1,0.72573566,0.567441396,1
PRV52040,1,0.66,1,0.7886297,0.73717782,1
PRV52043,0,0.06,0,0.0034588838,0.02607533028,0
PRV52050,0,0.2,0,0.01409693,0.08845815800000001,0
PRV52053,0,0.01,0,0.00039404712,0.004236428272,0
PRV52060,0,0.01,0,0.00069169607,0.004415017642,0
PRV52067,0,0.04,0,0.0060808244,0.01964849464,0
PRV52070,0,0.06,0,0.006143063,0.0276858378,0
PRV52078,1,0.61,1,0.9053401,0.78720406,1
PRV52080,1,0.77,1,0.9988373,0.9073023800000001,1
PRV52083,0,0.37,0,0.31159592,0.334957552,0
PRV52086,0,0.02,0,6.928219e-05,0.008041569314,0
PRV52091,0,0.4,1,0.8518242,0.67109452,1
PRV52093,0,0.48,1,0.84402597,0.698415582,1
PRV52096,0,0.09,0,0.037296213,0.0583777278,0
PRV52103,0,0.02,0,0.0023575244,0.00941451464,0
PRV52106,0,0.0,0,0.00058340246,0.000350041476,0
PRV52108,0,0.03,0,0.001686525,0.013011915,0
PRV52110,0,0.18,0,0.06308982,0.109853892,0
PRV52116,0,0.22,0,0.05335014,0.120010084,0
PRV52117,0,0.46,1,0.8753125,0.7091875000000001,1
PRV52125,1,0.53,0,0.43598446,0.47359067600000004,0
PRV52132,0,0.0,0,0.00053759804,0.000322558824,0
PRV52134,0,0.47,0,0.104752734,0.25085164039999996,0
PRV52137,1,0.7,1,0.9871256,0.8722753599999999,1
PRV52139,0,0.02,0,0.0008408641,0.00850451846,0
PRV52153,0,0.0,0,0.00078290113,0.000469740678,0
PRV52158,0,0.01,0,0.015441897,0.0132651382,0
PRV52164,0,0.01,0,0.009787835,0.009872701000000001,0
PRV52172,0,0.1,0,0.0363465,0.061807900000000006,0
PRV52183,0,0.0,0,0.013411916,0.0080471496,0
PRV52190,0,0.0,0,0.00033022513,0.00019813507799999999,0
PRV52194,0,0.0,0,0.00015250868,9.1505208e-05,0
PRV52198,0,0.0,0,0.00015310843,9.186505799999999e-05,0
PRV52203,0,0.0,0,0.00070832035,0.00042499221,0
PRV52207,0,0.0,0,7.4893636e-05,4.4936181599999996e-05,0
PRV52210,0,0.0,0,0.00047649498,0.00028589698799999996,0
PRV52215,0,0.0,0,0.00018658124,0.00011194874399999999,0
PRV52223,0,0.01,0,0.0012867393,0.00477204358,0
PRV52234,0,0.0,0,0.00023904695,0.00014342817,0
PRV52239,0,0.01,0,4.5657325e-05,0.004027394395,0
PRV52243,0,0.0,0,0.00029747223,0.000178483338,0
PRV52244,0,0.0,0,0.0010285077,0.00061710462,0
PRV52245,0,0.0,0,0.00028128512,0.000168771072,0
PRV52250,0,0.01,0,0.0005970354,0.00435822124,0
PRV52258,0,0.0,0,0.00022381442,0.00013428865199999998,0
PRV52259,0,0.0,0,0.00031892283,0.000191353698,0
PRV52268,0,0.0,0,9.907769e-06,5.9446614e-06,0
PRV52269,0,0.04,0,0.00031957353,0.016191744118,0
PRV52270,0,0.02,0,0.0059522595,0.0115713557,0
PRV52277,0,0.01,0,0.00048835657,0.004293013942,0
PRV52287,0,0.26,1,0.7413335,0.5488001,1
PRV52297,0,0.02,0,0.0003232244,0.00819393464,0
PRV52301,0,0.0,0,0.00018161228,0.000108967368,0
PRV52305,0,0.0,0,0.00015433703,9.2602218e-05,0
PRV52316,0,0.0,0,0.00018443761,0.000110662566,0
PRV52322,0,0.0,0,0.00019675851,0.00011805510599999999,0
PRV52324,0,0.02,0,0.0014442805,0.0088665683,0
PRV52327,0,0.03,0,0.012385884,0.0194315304,0
PRV52329,0,0.11,0,0.025766304,0.05945978240000001,0
PRV52330,0,0.0,0,0.00023221388,0.000139328328,0
PRV52333,0,0.0,0,0.0022952068,0.0013771240799999999,0
PRV52338,1,0.84,1,0.9999263,0.93595578,1
PRV52339,0,0.0,0,0.0005230316,0.00031381895999999995,0
PRV52345,0,0.0,0,0.00025924845,0.00015554907,0
PRV52360,0,0.28,0,0.422938,0.36576279999999994,0
PRV52363,0,0.0,0,3.5052522e-05,2.10315132e-05,0
PRV52364,1,0.74,1,0.9898039,0.88988234,1
PRV52368,1,0.62,1,0.78198457,0.717190742,1
PRV52370,0,0.0,0,0.0002043311,0.00012259866,0
PRV52375,0,0.07,0,0.0038265225,0.030295913500000004,0
PRV52376,0,0.02,0,0.0013266557,0.00879599342,0
PRV52379,0,0.0,0,0.0016166507,0.0009699904200000001,0
PRV52382,0,0.0,0,0.00026068554,0.000156411324,0
PRV52388,0,0.08,0,0.021217614,0.044730568400000004,0
PRV52413,0,0.01,0,0.00021247265,0.00412748359,0
PRV52424,0,0.04,0,0.006610522,0.019966313200000002,0
PRV52426,0,0.0,0,0.00015439239,9.2635434e-05,0
PRV52428,0,0.0,0,0.0030680906,0.00184085436,0
PRV52429,0,0.01,0,0.0017898108,0.00507388648,0
PRV52430,0,0.0,0,1.1267384e-05,6.7604304e-06,0
PRV52438,0,0.0,0,0.003944283,0.0023665697999999996,0
PRV52442,0,0.43,1,0.74391437,0.6183486220000001,1
PRV52444,0,0.0,0,4.5156034e-05,2.70936204e-05,0
PRV52447,0,0.02,0,0.0064417,0.01186502,0
PRV52465,0,0.0,0,0.00028310466,0.000169862796,0
PRV52475,0,0.01,0,0.00022114064,0.004132684384,0
PRV52477,0,0.03,0,0.003331396,0.013998837600000001,0
PRV52479,1,0.61,1,0.98399043,0.834394258,1
PRV52481,0,0.0,0,0.00012807547,7.6845282e-05,0
PRV52489,0,0.0,0,3.8522026e-05,2.3113215599999998e-05,0
PRV52496,0,0.02,0,6.460976e-05,0.008038765856,0
PRV52498,0,0.0,0,0.0004189534,0.00025137204,0
PRV52505,0,0.0,0,0.00018894351,0.000113366106,0
PRV52516,0,0.04,0,0.0005214777,0.01631288662,0
PRV52522,0,0.0,0,6.07596e-05,3.645576e-05,0
PRV52524,0,0.01,0,0.00017348987,0.004104093922,0
PRV52534,0,0.0,0,0.0010012825,0.0006007695,0
PRV52538,0,0.0,0,8.6902364e-05,5.21414184e-05,0
PRV52546,0,0.12,0,0.18069366,0.156416196,0
PRV52550,0,0.19,0,0.057617612,0.11057056720000001,0
PRV52569,1,0.54,1,0.75177366,0.667064196,1
PRV52585,0,0.07,0,0.009197252,0.033518351200000004,0
PRV52594,0,0.17,0,0.46858895,0.34915337,0
PRV52595,0,0.05,0,0.02188309,0.033129854,0
PRV52597,0,0.01,0,0.00028620582,0.004171723492,0
PRV52600,0,0.03,0,0.010688326,0.0184129956,0
PRV52601,0,0.09,0,0.015536237,0.0453217422,0
PRV52603,0,0.08,0,0.16825522,0.132953132,0
PRV52612,0,0.03,0,0.004284557,0.0145707342,0
PRV52613,0,0.04,0,0.0033953972,0.01803723832,0
PRV52618,1,0.95,1,0.9991091,0.97946546,1
PRV52619,0,0.0,0,0.000107406195,6.4443717e-05,0
PRV52620,0,0.01,0,3.9568116e-05,0.0040237408696,0
PRV52624,0,0.11,0,0.005163869,0.047098321400000004,0
PRV52625,0,0.02,0,0.003871601,0.0103229606,0
PRV52632,1,0.63,1,0.9939236,0.84835416,1
PRV52635,0,0.01,0,7.8840516e-05,0.0040473043096,0
PRV52637,0,0.31,0,0.34392983,0.330357898,0
PRV52650,0,0.0,0,6.120558e-05,3.672334799999999e-05,0
PRV52655,0,0.25,0,0.15160008,0.190960048,0
PRV52664,0,0.02,0,0.005347804,0.0112086824,0
PRV52675,0,0.0,0,0.00014099639,8.459783399999999e-05,0
PRV52680,0,0.01,0,9.695034e-05,0.004058170204,0
PRV52682,0,0.01,0,0.00041522193,0.004249133158,0
PRV52685,0,0.0,0,0.00017354547,0.000104127282,0
PRV52705,0,0.0,0,7.6483855e-05,4.5890313e-05,0
PRV52707,0,0.0,0,0.0011333374,0.00068000244,0
PRV52712,0,0.11,0,0.00087156537,0.044522939222000006,0
PRV52716,0,0.0,0,0.00019296518,0.00011577910799999999,0
PRV52718,0,0.05,0,0.01755288,0.030531728,0
PRV52730,0,0.02,0,0.002248151,0.0093488906,0
PRV52734,0,0.0,0,9.621734e-06,5.7730404e-06,0
PRV52735,0,0.03,0,0.00015437824,0.012092626944,0
PRV52737,0,0.0,0,0.00018707913,0.000112247478,0
PRV52749,0,0.0,0,3.58154e-05,2.148924e-05,0
PRV52759,0,0.0,0,0.00040632088,0.000243792528,0
PRV52762,0,0.0,0,0.00030835895,0.00018501537,0
PRV52765,0,0.0,0,9.685414e-05,5.8112484e-05,0
PRV52776,0,0.0,0,0.0004472263,0.00026833578,0
PRV52779,0,0.02,0,0.00074407825,0.00844644695,0
PRV52780,0,0.01,0,0.00024738495,0.00414843097,0
PRV52802,0,0.01,0,0.00014586688,0.004087520128,0
PRV52805,0,0.16,0,0.007358027,0.0684148162,0
PRV52809,0,0.0,0,6.87554e-05,4.125324e-05,0
PRV52811,0,0.36,0,0.15639834,0.23783900399999997,0
PRV52812,0,0.03,0,4.8324393e-05,0.0120289946358,0
PRV52817,0,0.0,0,0.00027285167,0.000163711002,0
PRV52819,0,0.14,0,0.37245563,0.279473378,0
PRV52834,0,0.07,0,0.0031624644,0.029897478640000003,0
PRV52840,1,0.68,1,0.9278364,0.82870184,1
PRV52852,0,0.1,0,0.07128433,0.082770598,0
PRV52854,0,0.0,0,0.0017257844,0.00103547064,0
PRV52856,0,0.03,0,0.0062186015,0.0157311609,0
PRV52866,0,0.0,0,0.0011820495,0.0007092297,0
PRV52867,0,0.04,0,0.0032398908,0.01794393448,0
PRV52871,0,0.0,0,0.00081583345,0.00048950007,0
PRV52874,0,0.03,0,0.0056625064,0.01539750384,0
PRV52883,0,0.05,0,0.004171308,0.022502784800000005,0
PRV52885,0,0.05,0,0.08729114,0.072374684,0
PRV52888,0,0.0,0,6.519159e-05,3.9114953999999995e-05,0
PRV52894,0,0.02,0,0.00020584051,0.008123504306,0
PRV52900,0,0.06,0,0.03904102,0.047424612000000005,0
PRV52906,0,0.0,0,1.52812e-05,9.168719999999999e-06,0
PRV52908,0,0.05,0,0.02422322,0.034533932,0
PRV52909,0,0.0,0,5.6000903e-05,3.36005418e-05,0
PRV52915,0,0.05,0,0.009232825,0.025539695000000005,0
PRV52923,0,0.0,0,5.3510357e-05,3.2106214199999996e-05,0
PRV52927,0,0.0,0,0.00025894633,0.000155367798,0
PRV52939,0,0.02,0,0.00061199645,0.00836719787,0
PRV52946,0,0.0,0,0.0002624544,0.00015747264,0
PRV52947,0,0.0,0,2.1174263e-05,1.27045578e-05,0
PRV52959,0,0.02,0,0.0028344023,0.00970064138,0
PRV52960,0,0.05,0,0.010258537,0.026155122200000006,0
PRV52965,0,0.0,0,6.988836e-05,4.1933016000000004e-05,0
PRV52967,0,0.0,0,0.00010399136,6.239481599999999e-05,0
PRV52968,0,0.0,0,0.00035561147,0.000213366882,0
PRV52969,0,0.14,0,0.18342263,0.166053578,0
PRV52973,0,0.0,0,0.001263134,0.0007578804,0
PRV52974,0,0.0,0,0.0001751704,0.00010510223999999999,0
PRV52975,0,0.01,0,0.00092058466,0.0045523507960000004,0
PRV52977,0,0.02,0,0.00014268456,0.008085610736,0
PRV52983,0,0.1,0,0.014354365,0.04861261900000001,0
PRV52984,0,0.3,0,0.16175133,0.217050798,0
PRV52987,0,0.05,0,0.0005901426,0.020354085560000002,0
PRV52992,0,0.06,0,0.003136328,0.0258817968,0
PRV52994,0,0.32,0,0.30028418,0.308170508,0
PRV52995,0,0.42,1,0.98637366,0.7598241960000001,1
PRV52997,0,0.01,0,0.00038138882,0.004228833292,0
PRV53003,0,0.0,0,0.000102633145,6.1579887e-05,0
PRV53006,1,0.59,1,0.92177755,0.7890665299999999,1
PRV53010,0,0.03,0,0.000261912,0.012157147200000001,0
PRV53011,0,0.05,0,0.005194486,0.023116691600000003,0
PRV53012,0,0.0,0,0.002141716,0.0012850296,0
PRV53022,0,0.03,0,4.112559e-05,0.012024675354,0
PRV53023,0,0.14,0,0.44797167,0.324783002,0
PRV53030,0,0.01,0,0.0011781725,0.0047069035,0
PRV53039,0,0.0,0,0.00014393684,8.6362104e-05,0
PRV53041,0,0.02,0,5.3062377e-05,0.0080318374262,0
PRV53046,0,0.0,0,7.0369395e-05,4.2221637e-05,0
PRV53051,0,0.0,0,0.014523276,0.0087139656,0
PRV53053,0,0.02,0,0.0015235005,0.0089141003,0
PRV53058,0,0.01,0,0.0003933573,0.00423601438,0
PRV53060,0,0.01,0,0.001980204,0.0051881224,0
PRV53068,0,0.0,0,0.00017529872,0.000105179232,0
PRV53080,0,0.0,0,0.00023007287,0.00013804372199999998,0
PRV53082,0,0.0,0,0.0006345786,0.00038074716,0
PRV53088,0,0.0,0,0.0008446323,0.00050677938,0
PRV53089,0,0.0,0,5.4076125e-05,3.2445675e-05,0
PRV53092,0,0.0,0,0.00023915226,0.000143491356,0
PRV53093,0,0.02,0,0.0012510135,0.0087506081,0
PRV53094,0,0.03,0,0.00015128423,0.012090770538,0
PRV53097,0,0.04,0,0.02735285,0.032411709999999996,0
PRV53098,0,0.0,0,0.00016881106,0.000101286636,0
PRV53105,1,0.83,1,0.9999006,0.93194036,1
PRV53112,0,0.15,0,0.0067587495,0.0640552497,0
PRV53115,0,0.0,0,9.351474e-05,5.6108843999999994e-05,0
PRV53118,0,0.05,0,0.009618923,0.025771353800000004,0
PRV53130,0,0.0,0,0.00080813485,0.00048488091,0
PRV53132,0,0.0,0,0.0003035155,0.00018210929999999998,0
PRV53146,0,0.0,0,0.00096489873,0.0005789392379999999,0
PRV53152,0,0.0,0,3.263759e-05,1.9582554e-05,0
PRV53155,0,0.06,0,0.0018903391,0.02513420346,0
PRV53160,0,0.0,0,1.0103411e-05,6.0620466e-06,0
PRV53165,0,0.0,0,6.8092275e-05,4.0855365e-05,0
PRV53170,0,0.0,0,6.872793e-05,4.1236758e-05,0
PRV53181,0,0.0,0,0.0003998949,0.00023993693999999999,0
PRV53184,0,0.0,0,0.00025608722,0.000153652332,0
PRV53185,0,0.0,0,9.244978e-05,5.5469867999999995e-05,0
PRV53190,0,0.02,0,9.995148e-05,0.008059970888,0
PRV53193,0,0.0,0,6.6058696e-05,3.963521759999999e-05,0
PRV53195,0,0.0,0,0.00015875272,9.525163200000001e-05,0
PRV53199,0,0.08,0,0.00067350495,0.03240410297,0
PRV53200,0,0.01,0,0.0016196937,0.0049718162199999996,0
PRV53209,0,0.02,0,0.0010637251,0.00863823506,0
PRV53219,0,0.0,0,0.00035996785,0.00021598071,0
PRV53231,0,0.0,0,0.00025166935,0.00015100161,0
PRV53234,0,0.01,0,0.00013067693,0.004078406158,0
PRV53241,0,0.07,0,0.03052943,0.046317658000000005,0
PRV53250,0,0.0,0,0.0012602246,0.00075613476,0
PRV53263,0,0.14,0,0.028237632,0.07294257920000001,0
PRV53264,0,0.0,0,8.327507e-05,4.9965041999999995e-05,0
PRV53267,0,0.0,0,0.0010718467,0.00064310802,0
PRV53270,0,0.01,0,0.00025377527,0.004152265162,0
PRV53271,0,0.01,0,0.0029008645,0.0057405187,0
PRV53273,0,0.02,0,0.004297284,0.0105783704,0
PRV53275,1,0.82,1,0.9976089,0.92656534,1
PRV53278,0,0.01,0,0.00016152994,0.004096917964,0
PRV53285,0,0.01,0,7.8686615e-05,0.004047211969,0
PRV53286,0,0.06,0,0.0017320736,0.02503924416,0
PRV53287,0,0.02,0,0.0007343422,0.00844060532,0
PRV53299,0,0.02,0,0.01642139,0.017852833999999998,0
PRV53302,0,0.02,0,0.00016694893,0.008100169358,0
PRV53311,0,0.0,0,0.0007945082,0.00047670492,0
PRV53316,0,0.0,0,0.0005359711,0.00032158266,0
PRV53322,0,0.03,0,0.0019921437,0.01319528622,0
PRV53324,0,0.01,0,0.009575042,0.0097450252,0
PRV53327,0,0.06,0,0.041787423,0.0490724538,0
PRV53328,0,0.0,0,0.00029643095,0.00017785856999999998,0
PRV53330,0,0.0,0,0.001789051,0.0010734306,0
PRV53332,0,0.0,0,0.00011778097,7.0668582e-05,0
PRV53333,0,0.01,0,0.0060608247,0.00763649482,0
PRV53338,0,0.04,0,0.004415602,0.0186493612,0
PRV53345,0,0.08,0,0.0021932006,0.03331592036,0
PRV53348,0,0.0,0,0.000266802,0.0001600812,0
PRV53366,1,0.52,1,0.9962381,0.8057428600000001,1
PRV53367,0,0.03,0,0.000646146,0.0123876876,0
PRV53368,0,0.09,0,0.0086913705,0.041214822299999995,0
PRV53372,0,0.0,0,0.0015398851,0.00092393106,0
PRV53395,0,0.0,0,0.00019114606,0.000114687636,0
PRV53400,0,0.0,0,0.00055008335,0.00033005001000000004,0
PRV53404,0,0.22,1,0.7239276,0.52235656,1
PRV53406,0,0.05,0,0.037484646,0.04249078760000001,0
PRV53410,0,0.01,0,0.016418157,0.0138508942,0
PRV53414,0,0.0,0,0.00079598895,0.00047759336999999994,0
PRV53418,0,0.05,0,0.012686356,0.027611813600000003,0
PRV53420,0,0.24,0,0.34201974,0.301211844,0
PRV53422,0,0.06,0,0.0056501753,0.02739010518,0
PRV53425,0,0.0,0,0.00013931462,8.358877199999999e-05,0
PRV53430,0,0.0,0,0.00010170943,6.1025658e-05,0
PRV53434,0,0.03,0,0.00056189287,0.012337135722,0
PRV53458,0,0.0,0,0.00016364592,9.8187552e-05,0
PRV53459,0,0.01,0,0.0009219255,0.0045531553,0
PRV53464,0,0.0,0,0.0029501587,0.0017700952199999997,0
PRV53466,0,0.0,0,9.198749e-05,5.5192494e-05,0
PRV53468,0,0.36,1,0.8002814,0.62416884,1
PRV53481,0,0.0,0,4.528221e-05,2.7169326e-05,0
PRV53488,0,0.0,0,0.0009582042,0.0005749225199999999,0
PRV53493,0,0.3,1,0.7422247,0.5653348199999999,1
PRV53497,0,0.0,0,6.8906695e-05,4.1344016999999996e-05,0
PRV53500,0,0.0,0,0.00010128918,6.0773508e-05,0
PRV53505,0,0.0,0,0.00034420253,0.000206521518,0
PRV53508,0,0.3,1,0.7922038,0.59532228,1
PRV53512,0,0.0,0,0.000116636955,6.9982173e-05,0
PRV53514,0,0.11,0,0.0020092775,0.0452055665,0
PRV53518,0,0.02,0,0.00078528945,0.00847117367,0
PRV53528,0,0.01,0,0.0010148591,0.00460891546,0
PRV53529,0,0.0,0,0.0010490337,0.00062942022,0
PRV53537,0,0.0,0,0.00023472389,0.000140834334,0
PRV53538,0,0.0,0,0.0005530685,0.0003318411,0
PRV53541,0,0.0,0,5.6753946e-05,3.40523676e-05,0
PRV53542,0,0.0,0,0.00012901069,7.7406414e-05,0
PRV53543,0,0.0,0,0.0008564611,0.00051387666,0
PRV53546,0,0.0,0,0.001088205,0.000652923,0
PRV53552,0,0.0,0,0.00064338074,0.00038602844399999997,0
PRV53557,0,0.0,0,0.0006912918,0.00041477508,0
PRV53567,0,0.0,0,0.00032684184,0.00019610510399999998,0
PRV53575,0,0.0,0,6.3928615e-05,3.8357168999999994e-05,0
PRV53576,0,0.0,0,0.00050635444,0.000303812664,0
PRV53579,0,0.0,0,0.00017060206,0.000102361236,0
PRV53580,0,0.0,0,0.0007051787,0.00042310722,0
PRV53583,0,0.0,0,0.00038913227,0.000233479362,0
PRV53592,0,0.09,0,0.010935089,0.0425610534,0
PRV53603,0,0.01,0,0.00017239673,0.004103438038,0
PRV53610,1,0.94,1,0.99938726,0.975632356,1
PRV53615,0,0.0,0,0.00034967987,0.00020980792199999998,0
PRV53630,0,0.0,0,2.0616953e-05,1.23701718e-05,0
PRV53636,0,0.06,0,0.00519056,0.027114336,0
PRV53637,0,0.04,0,0.0082632,0.02095792,0
PRV53639,0,0.03,0,0.013150224,0.019890134400000002,0
PRV53650,0,0.01,0,0.0007887641,0.00447325846,0
PRV53653,0,0.0,0,0.00029653017,0.000177918102,0
PRV53687,0,0.0,0,0.00092269876,0.0005536192559999999,0
PRV53691,0,0.31,0,0.02817368,0.140904208,0
PRV53693,0,0.08,0,0.028848834,0.0493093004,0
PRV53707,0,0.07,0,0.010668277,0.03440096620000001,0
PRV53711,0,0.23,1,0.7146682,0.52080092,1
PRV53736,0,0.02,0,9.2410024e-05,0.0080554460144,0
PRV53737,0,0.01,0,0.0021284109,0.00527704654,0
PRV53738,0,0.0,0,0.00030344172,0.00018206503199999998,0
PRV53739,0,0.0,0,7.62064e-05,4.5723839999999994e-05,0
PRV53742,0,0.0,0,0.00034927274,0.000209563644,0
PRV53744,0,0.0,0,0.00039409896,0.000236459376,0
PRV53747,0,0.0,0,7.830845e-05,4.6985069999999996e-05,0
PRV53748,0,0.26,1,0.5538821,0.43632926000000005,0
PRV53753,1,0.52,1,0.52819526,0.5249171560000001,1
PRV53758,1,0.93,1,0.9978709,0.9707225400000001,1
PRV53760,0,0.01,0,0.00021483221,0.004128899326,0
PRV53777,0,0.03,0,0.020572023,0.0243432138,0
PRV53778,0,0.0,0,7.9457684e-05,4.76746104e-05,0
PRV53789,1,0.61,1,0.9979625,0.8427775,1
PRV53795,0,0.0,0,0.000344289,0.0002065734,0
PRV53800,0,0.0,0,0.0003023954,0.00018143724,0
PRV53803,0,0.0,0,0.00024229982,0.000145379892,0
PRV53804,0,0.2,0,0.021433732,0.09286023920000001,0
PRV53809,0,0.07,0,0.013202149,0.0359212894,0
PRV53810,0,0.02,0,0.0021809298,0.00930855788,0
PRV53811,0,0.02,0,0.0008371115,0.0085022669,0
PRV53813,0,0.0,0,0.00128019,0.000768114,0
PRV53822,0,0.01,0,4.794757e-05,0.004028768542,0
PRV53823,0,0.0,0,0.001480456,0.0008882736,0
PRV53825,0,0.0,0,0.00020034461,0.000120206766,0
PRV53826,0,0.0,0,0.00037295202,0.000223771212,0
PRV53830,0,0.06,0,0.0008448142,0.02450688852,0
PRV53833,0,0.01,0,0.00014599839,0.004087599034,0
PRV53834,0,0.01,0,0.00039537897,0.004237227382,0
PRV53847,0,0.0,0,0.00017592162,0.00010555297199999999,0
PRV53852,0,0.0,0,0.0004945865,0.00029675190000000003,0
PRV53853,0,0.0,0,7.071388e-05,4.2428328000000005e-05,0
PRV53854,0,0.45,1,0.76695746,0.640174476,1
PRV53856,1,0.6,0,0.39071292,0.474427752,0
PRV53858,0,0.0,0,6.44242e-05,3.865452e-05,0
PRV53863,0,0.14,0,0.098727986,0.1152367916,0
PRV53866,1,0.98,1,0.99780494,0.990682964,1
PRV53869,0,0.29,0,0.15638483,0.209830898,0
PRV53870,0,0.28,0,0.027071323,0.1282427938,0
PRV53881,0,0.04,0,0.007894852,0.0207369112,0
PRV53882,0,0.0,0,5.1064548e-05,3.06387288e-05,0
PRV53883,0,0.0,0,0.0020657799,0.00123946794,0
PRV53886,0,0.02,0,0.0010547041,0.00863282246,0
PRV53890,0,0.0,0,0.0029388992,0.00176333952,0
PRV53893,0,0.0,0,0.00045098897,0.000270593382,0
PRV53897,0,0.06,0,0.0051819324,0.027109159440000002,0
PRV53898,0,0.02,0,0.005302174,0.0111813044,0
PRV53902,0,0.0,0,0.0006957375,0.0004174425,0
PRV53903,0,0.03,0,0.00530916,0.015185496,0
PRV53904,0,0.01,0,0.00074486533,0.004446919198,0
PRV53914,0,0.0,0,7.555754e-05,4.5334524000000003e-05,0
PRV53929,0,0.14,0,0.13751186,0.138507116,0
PRV53930,0,0.0,0,8.8606575e-05,5.3163945000000004e-05,0
PRV53936,0,0.0,0,8.0420294e-05,4.82521764e-05,0
PRV53948,0,0.37,1,0.70981115,0.5738866899999999,1
PRV53953,0,0.06,0,0.014884891,0.0329309346,0
PRV53954,0,0.22,0,0.013649059,0.09618943540000001,0
PRV53955,0,0.31,0,0.35456434,0.336738604,0
PRV53962,0,0.09,0,0.039796297,0.059877778199999995,0
PRV53976,0,0.01,0,0.00235511,0.005413066,0
PRV53984,0,0.0,0,0.00053570495,0.00032142297,0
PRV53987,0,0.05,0,0.35714963,0.234289778,0
PRV53998,0,0.0,0,0.0002767913,0.00016607478,0
PRV54003,0,0.16,1,0.5619105,0.40114629999999996,0
PRV54010,0,0.0,0,0.00021505785,0.00012903471,0
PRV54015,0,0.0,0,0.00053837727,0.00032302636200000004,0
PRV54018,0,0.0,0,0.0001269717,7.618302e-05,0
PRV54022,0,0.0,0,0.0005893051,0.00035358305999999996,0
PRV54032,0,0.0,0,0.00043985655,0.00026391393,0
PRV54035,0,0.06,0,0.0059884596,0.027593075760000002,0
PRV54042,0,0.0,0,6.785283e-05,4.0711698e-05,0
PRV54047,0,0.01,0,0.0017961039,0.0050776623400000005,0
PRV54067,0,0.04,0,0.0001144299,0.01606865794,0
PRV54069,0,0.07,0,0.007134995,0.032280997000000006,0
PRV54079,0,0.42,1,0.8263616,0.66381696,1
PRV54087,0,0.02,0,6.368377e-05,0.008038210262,0
PRV54088,0,0.0,0,0.0041260645,0.0024756387,0
PRV54094,1,0.63,1,0.9983677,0.85102062,1
PRV54095,0,0.01,0,0.0001702366,0.00410214196,0
PRV54097,0,0.0,0,0.007816573,0.0046899438,0
PRV54100,0,0.03,0,0.0001396667,0.01208380002,0
PRV54104,0,0.0,0,0.00022536005,0.00013521602999999998,0
PRV54105,0,0.07,0,0.116629556,0.0979777336,0
PRV54108,0,0.0,0,0.00017167791,0.00010300674600000001,0
PRV54126,0,0.01,0,0.0018762025,0.0051257214999999995,0
PRV54137,0,0.0,0,0.0015438132,0.00092628792,0
PRV54138,0,0.0,0,0.000118528296,7.111697759999999e-05,0
PRV54143,0,0.0,0,0.00016906945,0.00010144167,0
PRV54147,0,0.0,0,0.0001530674,9.184044e-05,0
PRV54151,0,0.0,0,0.00016972005,0.00010183203,0
PRV54152,0,0.02,0,0.0013785817,0.008827149020000001,0
PRV54161,0,0.0,0,0.00074106647,0.000444639882,0
PRV54165,0,0.0,0,0.0004205712,0.00025234272,0
PRV54169,0,0.01,0,0.00026122294,0.004156733764,0
PRV54170,0,0.0,0,0.00016598734,9.9592404e-05,0
PRV54174,0,0.01,0,0.0001786218,0.00410717308,0
PRV54189,0,0.0,0,0.000101169484,6.0701690399999994e-05,0
PRV54190,0,0.0,0,2.0811094e-05,1.2486656400000001e-05,0
PRV54195,0,0.0,0,7.0656446e-05,4.23938676e-05,0
PRV54211,0,0.12,0,0.21807937,0.17884762199999998,0
PRV54214,0,0.05,0,0.024583308,0.03474998480000001,0
PRV54218,0,0.05,0,0.0013352602,0.020801156120000004,0
PRV54221,0,0.0,0,0.0028066891,0.00168401346,0
PRV54229,0,0.0,0,0.00019763659,0.00011858195399999999,0
PRV54234,0,0.01,0,0.0014782315,0.0048869389,0
PRV54236,0,0.03,0,0.005430697,0.0152584182,0
PRV54241,0,0.0,0,0.000100245845,6.0147507e-05,0
PRV54243,0,0.0,0,0.00043555748,0.000261334488,0
PRV54248,0,0.01,0,0.00044781118,0.004268686708,0
PRV54249,0,0.03,0,0.006152339,0.015691403399999998,0
PRV54260,0,0.0,0,0.00035346302,0.000212077812,0
PRV54264,0,0.21,1,0.5956009,0.44136054,0
PRV54268,0,0.02,0,0.023179682,0.0219078092,0
PRV54272,0,0.01,0,0.0002180322,0.0041308193200000004,0
PRV54277,0,0.02,0,0.0003762245,0.0082257347,0
PRV54279,0,0.03,0,0.16364233,0.11018539799999999,0
PRV54281,0,0.0,0,0.0029136157,0.0017481694199999998,0
PRV54286,0,0.01,0,0.000110027126,0.0040660162756,0
PRV54292,0,0.0,0,0.00043687958,0.000262127748,0
PRV54314,0,0.02,0,0.0009165682,0.00854994092,0
PRV54318,0,0.03,0,0.001276062,0.0127656372,0
PRV54321,0,0.0,0,6.539769e-05,3.9238614e-05,0
PRV54322,0,0.01,0,5.9207356e-05,0.0040355244136,0
PRV54329,0,0.0,0,0.00025234185,0.00015140511,0
PRV54331,0,0.03,0,0.0009556413,0.01257338478,0
PRV54338,0,0.28,1,0.7057669,0.53546014,1
PRV54346,0,0.07,0,0.05780695,0.06268417000000001,0
PRV54351,0,0.01,0,0.00545762,0.007274572,0
PRV54364,0,0.0,0,3.794063e-05,2.2764378e-05,0
PRV54366,0,0.04,0,0.0008832861,0.01652997166,0
PRV54369,0,0.02,0,0.024848716,0.022909229599999997,0
PRV54376,0,0.01,0,0.00030754157,0.004184524942,0
PRV54385,0,0.03,0,0.0012001719,0.01272010314,0
PRV54386,0,0.0,0,0.0005661117,0.00033966702,0
PRV54394,0,0.32,1,0.9233508,0.68201048,1
PRV54395,0,0.01,0,0.08589989,0.055539934,0
PRV54397,0,0.19,0,0.06955029,0.11773017400000002,0
PRV54398,0,0.05,0,0.009788742,0.025873245200000002,0
PRV54405,0,0.0,0,0.00092061755,0.00055237053,0
PRV54406,0,0.0,0,0.00019979579,0.000119877474,0
PRV54417,0,0.0,0,7.9657206e-05,4.7794323600000003e-05,0
PRV54418,0,0.0,0,0.00011088639,6.653183399999999e-05,0
PRV54428,0,0.01,0,3.0786283e-05,0.0040184717698,0
PRV54440,0,0.0,0,5.698579e-05,3.4191473999999995e-05,0
PRV54445,0,0.01,0,0.0003588312,0.00421529872,0
PRV54446,0,0.0,0,3.5699562e-05,2.1419737200000002e-05,0
PRV54447,0,0.0,0,0.0001125523,6.753138e-05,0
PRV54453,0,0.01,0,3.5728648e-05,0.0040214371888,0
PRV54458,0,0.01,0,0.00036680803,0.004220084818,0
PRV54464,0,0.0,0,0.001677248,0.0010063488,0
PRV54470,0,0.0,0,0.00021460783,0.000128764698,0
PRV54474,0,0.04,0,0.22091143,0.148546858,0
PRV54476,0,0.0,0,5.5695094e-05,3.3417056399999995e-05,0
PRV54484,0,0.0,0,0.00034753876,0.000208523256,0
PRV54485,0,0.01,0,2.2957964e-05,0.0040137747784,0
PRV54487,0,0.0,0,9.424426e-05,5.6546556e-05,0
PRV54488,0,0.01,0,0.0007085999,0.00442515994,0
PRV54492,0,0.0,0,0.0009455254,0.00056731524,0
PRV54493,0,0.0,0,0.00037263517,0.00022358110199999998,0
PRV54494,0,0.05,0,0.0011882664,0.020712959840000003,0
PRV54495,0,0.18,0,0.30684227,0.25610536199999995,0
PRV54512,0,0.27,0,0.26194498,0.265166988,0
PRV54513,0,0.0,0,0.0012546655,0.0007527993,0
PRV54516,0,0.08,0,0.006962895,0.036177737,0
PRV54518,0,0.01,0,0.04720705,0.032324229999999995,0
PRV54525,0,0.04,0,0.0022567606,0.01735405636,0
PRV54527,0,0.0,0,0.00023454292,0.000140725752,0
PRV54532,0,0.02,0,0.0043851254,0.01063107524,0
PRV54533,0,0.0,0,0.00045650214,0.000273901284,0
PRV54534,0,0.0,0,0.0008353179,0.00050119074,0
PRV54556,0,0.32,0,0.2790407,0.29542442,0
PRV54570,0,0.01,0,0.00025852723,0.004155116338,0
PRV54583,0,0.03,0,0.00096997607,0.012581985642,0
PRV54584,0,0.0,0,0.000119152464,7.14914784e-05,0
PRV54586,0,0.0,0,0.00029697578,0.000178185468,0
PRV54592,0,0.0,0,0.00015115921,9.0695526e-05,0
PRV54594,0,0.0,0,6.911268e-05,4.1467608000000004e-05,0
PRV54600,0,0.0,0,0.0002053422,0.00012320532,0
PRV54605,0,0.0,0,0.00047956756,0.000287740536,0
PRV54607,0,0.0,0,7.1240596e-05,4.27443576e-05,0
PRV54613,0,0.01,0,0.0043582856,0.00661497136,0
PRV54617,0,0.01,0,0.0034636438,0.00607818628,0
PRV54626,0,0.0,0,0.00042772887,0.000256637322,0
PRV54631,0,0.0,0,0.00039252907,0.000235517442,0
PRV54632,0,0.0,0,8.044668e-05,4.8268008e-05,0
PRV54641,0,0.0,0,0.00035108963,0.000210653778,0
PRV54647,1,0.67,1,0.9178387,0.81870322,1
PRV54648,0,0.04,0,0.00086645846,0.016519875076,0
PRV54650,1,0.65,1,0.9925303,0.85551818,1
PRV54654,0,0.01,0,0.015528632,0.0133171792,0
PRV54655,0,0.0,0,0.0003984018,0.00023904107999999998,0
PRV54659,0,0.32,0,0.2881675,0.3009005,0
PRV54663,0,0.0,0,0.003953174,0.0023719044,0
PRV54665,0,0.0,0,0.0007181136,0.00043086816,0
PRV54669,0,0.01,0,0.0008098042,0.00448588252,0
PRV54698,0,0.12,0,0.04514808,0.075088848,0
PRV54700,0,0.06,0,0.028231876,0.0409391256,0
PRV54702,0,0.07,0,0.016976355,0.038185813,0
PRV54706,0,0.03,0,0.003318661,0.0139911966,0
PRV54709,0,0.0,0,6.765434e-05,4.0592604e-05,0
PRV54719,0,0.02,0,0.0009335264,0.00856011584,0
PRV54721,0,0.31,1,0.7538661,0.57631966,1
PRV54722,0,0.31,0,0.0693521,0.16561125999999998,0
PRV54729,0,0.18,0,0.1828375,0.1817025,0
PRV54731,0,0.45,1,0.6886073,0.59316438,1
PRV54732,0,0.07,0,0.0066458764,0.03198752584,0
PRV54733,0,0.0,0,0.0019754507,0.0011852704199999998,0
PRV54736,0,0.0,0,4.3581367e-05,2.6148820199999997e-05,0
PRV54738,0,0.02,0,0.00011592355,0.00806955413,0
PRV54740,0,0.27,1,0.504808,0.41088480000000005,0
PRV54744,0,0.01,0,0.00022666268,0.004135997608,0
PRV54746,1,0.65,1,0.98184067,0.8491044019999999,1
PRV54749,0,0.22,0,0.26189932,0.24513959200000002,0
PRV54750,0,0.03,0,0.0023517008,0.01341102048,0
PRV54751,1,0.78,1,0.9997582,0.91185492,1
PRV54752,0,0.0,0,0.00030598685,0.00018359211000000002,0
PRV54754,0,0.2,0,0.06723348,0.12034008800000001,0
PRV54755,0,0.0,0,0.0073475656,0.00440853936,0
PRV54762,0,0.13,0,0.45203906,0.323223436,0
PRV54766,1,0.86,1,0.99989474,0.943936844,1
PRV54769,0,0.07,0,0.026382623,0.04382957380000001,0
PRV54770,0,0.06,0,0.0020920357,0.02525522142,0
PRV54775,0,0.05,0,0.006017452,0.023610471200000004,0
PRV54777,0,0.0,0,0.0008640017,0.00051840102,0
PRV54782,0,0.02,0,0.014840995,0.016904597,0
PRV54788,0,0.11,0,0.009266879,0.0495601274,0
PRV54791,0,0.0,0,0.0021851407,0.00131108442,0
PRV54797,0,0.0,0,0.00047263768,0.00028358260799999995,0
PRV54801,0,0.0,0,0.00015775033,9.465019799999999e-05,0
PRV54804,0,0.0,0,0.0002841937,0.00017051622,0
PRV54807,0,0.01,0,2.8909975e-05,0.004017345985,0
PRV54811,1,0.53,1,0.8037174,0.69423044,1
PRV54815,0,0.07,0,0.04329536,0.053977216,0
PRV54816,0,0.36,0,0.3882576,0.37695455999999994,0
PRV54823,0,0.0,0,0.00043163952,0.000258983712,0
PRV54825,0,0.39,1,0.66446275,0.55467765,1
PRV54826,0,0.01,0,0.00018953155,0.00411371893,0
PRV54835,0,0.01,0,0.0006550664,0.00439303984,0
PRV54839,0,0.0,0,3.068589e-05,1.8411534e-05,0
PRV54843,0,0.03,0,0.00035132756,0.012210796536,0
PRV54844,0,0.0,0,0.00014634474,8.7806844e-05,0
PRV54850,0,0.01,0,0.0005683394,0.0043410036400000004,0
PRV54851,0,0.0,0,0.0005601021,0.00033606125999999996,0
PRV54853,1,0.77,1,0.9821899,0.89731394,1
PRV54857,0,0.0,0,9.53648e-05,5.721888e-05,0
PRV54858,0,0.02,0,0.0009376858,0.00856261148,0
PRV54872,0,0.0,0,0.000255174,0.0001531044,0
PRV54874,0,0.01,0,0.00019360191,0.004116161146,0
PRV54880,0,0.0,0,0.00080532243,0.000483193458,0
PRV54884,0,0.0,0,0.0008560723,0.00051364338,0
PRV54897,0,0.02,0,0.019893121,0.0199358726,0
PRV54899,0,0.02,0,0.00046999237,0.008281995422,0
PRV54912,0,0.0,0,0.00025629607,0.00015377764199999997,0
PRV54913,0,0.0,0,0.00022281327,0.000133687962,0
PRV54915,0,0.01,0,0.006495245,0.007897147,0
PRV54920,0,0.25,0,0.061191823,0.13671509380000002,0
PRV54921,0,0.0,0,0.00016470886,9.882531599999999e-05,0
PRV54922,0,0.01,0,0.0007238404,0.00443430424,0
PRV54928,0,0.0,0,0.0002147896,0.00012887376,0
PRV54940,1,0.61,1,0.9919652,0.83917912,1
PRV54948,1,0.93,1,0.9998234,0.97189404,1
PRV54951,1,0.57,1,0.6007959,0.58847754,1
PRV54956,0,0.36,0,0.3108843,0.33053058,0
PRV54957,0,0.18,1,0.65738153,0.46642891799999997,0
PRV54958,1,0.83,1,0.992778,0.9276668000000001,1
PRV54961,0,0.07,0,0.011895619,0.035137371400000006,0
PRV54962,0,0.05,0,0.0050543672,0.023032620320000002,0
PRV54964,0,0.09,0,0.00070302375,0.03642181425,0
PRV54969,0,0.0,0,8.676053e-05,5.2056318e-05,0
PRV54974,0,0.19,1,0.70317185,0.49790311000000004,0
PRV54979,0,0.0,0,0.00022382423,0.000134294538,0
PRV54980,1,0.72,1,0.9845334,0.8787200399999999,1
PRV54984,0,0.49,1,0.87391084,0.7203465039999999,1
PRV54987,0,0.03,0,0.0011649433,0.01269896598,0
PRV54989,1,0.61,0,0.25523952,0.397143712,0
PRV54994,0,0.0,0,0.00020194086,0.00012116451599999999,0
PRV54996,0,0.02,0,0.0008326104,0.00849956624,0
PRV55008,0,0.01,0,0.0047078785,0.0068247271000000005,0
PRV55009,0,0.0,0,0.0014106265,0.0008463759,0
PRV55014,0,0.47,1,0.96472114,0.7668326839999999,1
PRV55015,0,0.13,0,0.007974992,0.05678499520000001,0
PRV55017,0,0.06,0,0.0019288696,0.02515732176,0
PRV55020,0,0.02,0,0.0353603,0.029216179999999998,0
PRV55021,0,0.03,0,0.088012844,0.0648077064,0
PRV55025,0,0.18,0,0.057701297,0.10662077819999999,0
PRV55033,0,0.01,0,0.0028332812,0.00569996872,0
PRV55046,0,0.21,0,0.107346855,0.148408113,0
PRV55047,0,0.02,0,0.004989262,0.0109935572,0
PRV55055,0,0.0,0,0.00070520287,0.00042312172200000003,0
PRV55060,0,0.01,0,0.0004698777,0.00428192662,0
PRV55065,0,0.0,0,0.0008424901,0.00050549406,0
PRV55066,0,0.01,0,0.0021235794,0.00527414764,0
PRV55075,0,0.0,0,0.0011303938,0.00067823628,0
PRV55082,0,0.01,0,0.00052440714,0.004314644284,0
PRV55084,0,0.0,0,0.00066666194,0.00039999716399999997,0
PRV55090,0,0.0,0,0.0004418666,0.00026511996,0
PRV55100,0,0.01,0,0.00044417518,0.004266505108,0
PRV55101,0,0.0,0,0.00038072604,0.000228435624,0
PRV55102,0,0.0,0,0.0002393669,0.00014362014,0
PRV55105,0,0.0,0,0.00030643353,0.00018386011799999998,0
PRV55107,0,0.0,0,2.5470656e-05,1.52823936e-05,0
PRV55109,0,0.0,0,6.417006e-05,3.8502036e-05,0
PRV55113,0,0.01,0,0.031127425,0.022676454999999998,0
PRV55115,0,0.01,0,0.00079229445,0.00447537667,0
PRV55119,0,0.05,0,0.0025423574,0.021525414440000005,0
PRV55125,0,0.09,0,0.006622259,0.039973355399999994,0
PRV55127,0,0.04,0,0.00154527,0.016927162,0
PRV55139,0,0.0,0,7.410076e-05,4.4460456e-05,0
PRV55142,0,0.05,0,0.0018766632,0.021125997920000004,0
PRV55153,0,0.05,0,0.022195365,0.033317219,0
PRV55159,0,0.11,0,0.0022092694,0.045325561640000005,0
PRV55162,0,0.02,0,0.0042933724,0.01057602344,0
PRV55170,0,0.07,0,0.0056223236,0.031373394160000005,0
PRV55174,0,0.13,0,0.31249577,0.239497462,0
PRV55186,0,0.26,1,0.8734281,0.6280568599999999,1
PRV55190,1,0.68,0,0.4761498,0.5576898800000001,1
PRV55199,0,0.2,0,0.04014238,0.10408542800000001,0
PRV55201,0,0.0,0,7.393996e-05,4.4363976e-05,0
PRV55204,0,0.39,1,0.67883927,0.563303562,1
PRV55212,0,0.08,0,0.0025689441,0.03354136646,0
PRV55217,0,0.01,0,0.003057577,0.0058345462,0
PRV55221,0,0.03,0,0.017014593,0.0222087558,0
PRV55222,0,0.42,1,0.98361856,0.7581711360000001,1
PRV55223,0,0.34,0,0.10118989,0.196713934,0
PRV55228,0,0.01,0,0.00034308928,0.004205853568,0
PRV55241,0,0.03,0,0.0010158109,0.012609486540000001,0
PRV55245,0,0.04,0,0.0038612098,0.01831672588,0
PRV55249,0,0.0,0,0.00018911294,0.000113467764,0
PRV55251,0,0.38,0,0.44517165,0.41910299,0
PRV55253,0,0.24,0,0.10274654,0.157647924,0
PRV55280,0,0.0,0,0.00477336,0.002864016,0
PRV55282,0,0.0,0,0.0005540821,0.00033244926,0
PRV55284,0,0.1,0,0.037123565,0.062274139000000006,0
PRV55287,0,0.0,0,3.7906528e-05,2.2743916799999997e-05,0
PRV55288,0,0.0,0,0.0004733004,0.00028398024,0
PRV55290,0,0.0,0,0.005243535,0.0031461209999999996,0
PRV55294,0,0.0,0,4.4941487e-05,2.69648922e-05,0
PRV55301,0,0.0,0,0.0011089362,0.00066536172,0
PRV55303,0,0.03,0,0.0025945455,0.0135567273,0
PRV55308,0,0.0,0,0.0005756069,0.00034536413999999995,0
PRV55310,0,0.01,0,0.0008115601,0.00448693606,0
PRV55311,0,0.0,0,9.49387e-05,5.696322e-05,0
PRV55315,0,0.0,0,0.00026306268,0.00015783760799999998,0
PRV55317,0,0.0,0,0.00018158596,0.000108951576,0
PRV55321,0,0.0,0,0.0015061143,0.0009036685799999999,0
PRV55327,0,0.0,0,0.0012195958,0.00073175748,0
PRV55328,0,0.01,0,0.0012556752,0.00475340512,0
PRV55332,0,0.0,0,0.00038605588,0.000231633528,0
PRV55334,0,0.0,0,0.00012177716,7.306629599999999e-05,0
PRV55336,0,0.0,0,0.00010356623,6.2139738e-05,0
PRV55346,0,0.0,0,0.00043882208,0.000263293248,0
PRV55347,0,0.0,0,0.000470435,0.000282261,0
PRV55349,0,0.01,0,0.00038444597,0.004230667582,0
PRV55367,0,0.02,0,0.003797355,0.010278413,0
PRV55369,0,0.0,0,0.00039310745,0.00023586446999999998,0
PRV55370,0,0.0,0,0.00011926307,7.1557842e-05,0
PRV55373,0,0.0,0,9.352901e-05,5.6117406e-05,0
PRV55380,0,0.03,0,0.0011936204,0.01271617224,0
PRV55389,0,0.2,1,0.7633101,0.5379860599999999,1
PRV55391,0,0.11,0,0.0745119,0.08870714,0
PRV55393,0,0.29,0,0.2914515,0.29087089999999993,0
PRV55394,0,0.15,0,0.41417322,0.308503932,0
PRV55403,0,0.01,0,8.011749e-05,0.004048070494,0
PRV55406,0,0.02,0,4.212736e-05,0.008025276416,0
PRV55407,0,0.0,0,0.00012030878,7.2185268e-05,0
PRV55415,0,0.0,0,5.425992e-05,3.2555952e-05,0
PRV55420,0,0.03,0,0.001109335,0.012665601,0
PRV55421,0,0.02,0,0.00013457045,0.00808074227,0
PRV55422,0,0.0,0,0.00010276427,6.1658562e-05,0
PRV55429,0,0.01,0,2.808975e-05,0.00401685385,0
PRV55440,0,0.1,0,0.006636163,0.04398169780000001,0
PRV55457,0,0.04,0,0.0014223021,0.01685338126,0
PRV55461,0,0.0,0,4.8462472e-05,2.90774832e-05,0
PRV55466,0,0.24,0,0.20826581,0.22095948599999998,0
PRV55476,1,0.73,1,0.8895011,0.8257006600000001,1
PRV55478,1,0.88,1,0.9996136,0.9517681600000001,1
PRV55484,0,0.27,0,0.02640428,0.12384256800000001,0
PRV55485,1,0.66,1,0.98678905,0.8560734299999999,1
PRV55488,0,0.01,0,0.00025919927,0.004155519562,0
PRV55502,0,0.34,1,0.6113136,0.5027881599999999,1
PRV55504,0,0.0,0,0.00012804287,7.6825722e-05,0
PRV55517,0,0.0,0,4.793811e-05,2.8762866e-05,0
PRV55524,0,0.0,0,0.00042799095,0.00025679456999999997,0
PRV55526,0,0.01,0,0.007254243,0.0083525458,0
PRV55529,1,0.69,1,0.972153,0.8592918,1
PRV55532,0,0.14,0,0.095356226,0.1132137356,0
PRV55533,0,0.0,0,0.0006868113,0.00041208677999999996,0
PRV55542,0,0.02,0,0.0051191202,0.01107147212,0
PRV55544,0,0.18,0,0.084688194,0.1228129164,0
PRV55545,1,0.68,1,0.9629087,0.84974522,1
PRV55546,0,0.0,0,0.00031059128,0.000186354768,0
PRV55553,0,0.0,0,6.88634e-05,4.1318039999999996e-05,0
PRV55559,0,0.03,0,0.0053177136,0.01519062816,0
PRV55568,0,0.0,0,2.5889765e-05,1.5533859e-05,0
PRV55594,0,0.0,0,0.0015633204,0.0009379922399999999,0
PRV55597,0,0.0,0,0.00031037547,0.000186225282,0
PRV55605,0,0.0,0,0.00032247033,0.00019348219799999997,0
PRV55611,0,0.01,0,8.9304616e-05,0.0040535827696,0
PRV55616,0,0.0,0,4.08376e-05,2.450256e-05,0
PRV55628,0,0.0,0,0.00018719173,0.000112315038,0
PRV55629,0,0.0,0,0.00016598987,9.9593922e-05,0
PRV55630,0,0.0,0,0.00010136735,6.082041e-05,0
PRV55636,0,0.0,0,0.00033343895,0.00020006336999999998,0
PRV55643,0,0.0,0,0.00024897957,0.00014938774199999997,0
PRV55645,0,0.0,0,1.1487276e-05,6.8923656e-06,0
PRV55647,0,0.02,0,0.0013593549,0.00881561294,0
PRV55651,1,0.55,1,0.9328878,0.77973268,1
PRV55669,0,0.04,0,0.011568652,0.022941191200000002,0
PRV55672,0,0.0,0,0.0024334604,0.00146007624,0
PRV55681,0,0.02,0,0.0070814155,0.0122488493,0
PRV55685,0,0.46,1,0.73954415,0.62772649,1
PRV55686,0,0.0,0,0.003830125,0.002298075,0
PRV55693,0,0.02,0,0.0003820693,0.00822924158,0
PRV55694,0,0.19,0,0.009688824,0.08181329440000001,0
PRV55696,0,0.0,0,0.00014616596,8.7699576e-05,0
PRV55698,0,0.0,0,0.00070075615,0.00042045369,0
PRV55708,0,0.04,0,0.0028800701,0.01772804206,0
PRV55713,0,0.1,0,0.02150002,0.05290001200000001,0
PRV55718,1,0.56,1,0.93588066,0.7855283960000001,1
PRV55722,0,0.0,0,0.00024427893,0.000146567358,0
PRV55725,0,0.03,0,5.0976727e-05,0.0120305860362,0
PRV55730,0,0.01,0,0.002066819,0.0052400914,0
PRV55738,0,0.0,0,0.012631608,0.0075789648,0
PRV55746,0,0.44,1,0.8507377,0.68644262,1
PRV55747,0,0.0,0,0.00055675395,0.00033405237,0
PRV55756,0,0.0,0,0.00019639658,0.000117837948,0
PRV55757,0,0.01,0,0.0014371325,0.0048622795,0
PRV55758,0,0.0,0,0.0011139086,0.00066834516,0
PRV55773,0,0.03,0,0.00044978876,0.012269873256,0
PRV55781,0,0.0,0,5.786884e-05,3.4721304e-05,0
PRV55784,0,0.0,0,0.00022203094,0.000133218564,0
PRV55799,0,0.01,0,3.7608464e-05,0.0040225650784,0
PRV55823,0,0.01,0,0.00022891775,0.00413735065,0
PRV55824,0,0.02,0,0.0014258329,0.00885549974,0
PRV55825,1,0.73,1,0.9801302,0.8800781199999999,1
PRV55827,0,0.01,0,0.0051156026,0.007069361559999999,0
PRV55829,0,0.28,1,0.8601587,0.62809522,1
PRV55838,0,0.19,0,0.109850444,0.1419102664,0
PRV55840,0,0.02,0,0.0038024816,0.01028148896,0
PRV55841,0,0.34,0,0.488647,0.4291882,0
PRV55844,0,0.01,0,0.0014760653,0.00488563918,0
PRV55845,1,0.71,1,0.9780596,0.8708357600000001,1
PRV55853,0,0.01,0,0.00029977664,0.004179865984,0
PRV55857,0,0.02,0,0.0013255129,0.008795307740000001,0
PRV55860,0,0.01,0,0.0015544285,0.0049326571,0
PRV55861,0,0.0,0,0.00020578636,0.000123471816,0
PRV55878,0,0.0,0,5.393486e-05,3.2360916e-05,0
PRV55888,0,0.24,1,0.778627,0.5631761999999999,1
PRV55889,1,0.74,1,0.97031677,0.878190062,1
PRV55890,0,0.22,0,0.23346569,0.22807941399999998,0
PRV55894,0,0.01,0,0.0019128779,0.0051477267400000006,0
PRV55899,0,0.0,0,7.457415e-05,4.4744490000000004e-05,0
PRV55922,0,0.0,0,0.00013245926,7.9475556e-05,0
PRV55923,0,0.01,0,0.0026800372,0.00560802232,0
PRV55924,0,0.0,0,9.525501e-05,5.7153005999999996e-05,0
PRV55932,0,0.03,0,0.03493898,0.032963387999999996,0
PRV55947,0,0.0,0,0.00089795695,0.00053877417,0
PRV55949,0,0.27,1,0.6375729,0.49054374,0
PRV55952,0,0.0,0,0.000736111,0.0004416666,0
PRV55954,0,0.18,0,0.0026938885,0.0736163331,0
PRV55960,0,0.0,0,0.00010291078,6.1746468e-05,0
PRV55961,0,0.1,0,0.012656426,0.047593855600000005,0
PRV55962,0,0.12,0,0.020833828,0.0605002968,0
PRV55967,0,0.18,0,0.11044855,0.13826913,0
PRV55973,0,0.39,1,0.9914665,0.7508799,1
PRV55975,0,0.04,0,0.025089012,0.0310534072,0
PRV55976,0,0.0,0,0.0003749625,0.0002249775,0
PRV55979,0,0.0,0,0.00035883443,0.000215300658,0
PRV55987,0,0.0,0,7.032257e-05,4.2193542e-05,0
PRV55988,0,0.06,0,0.007301779,0.0283810674,0
PRV55992,0,0.03,0,0.0167645,0.0220587,0
PRV55994,0,0.2,1,0.5203071,0.39218426,0
PRV55998,0,0.0,0,0.0002555358,0.00015332148,0
PRV56000,0,0.0,0,0.0003636568,0.00021819408,0
PRV56009,0,0.12,0,0.13194789,0.127168734,0
PRV56022,0,0.0,0,0.0015798731,0.0009479238599999999,0
PRV56024,1,0.84,1,0.9985892,0.9351535200000001,1
PRV56035,0,0.01,0,0.014107636,0.0124645816,0
PRV56042,0,0.02,0,0.007924337,0.0127546022,0
PRV56043,0,0.0,0,3.1330692e-05,1.87984152e-05,0
PRV56053,0,0.0,0,0.00015826969,9.4961814e-05,0
PRV56059,0,0.01,0,0.0003094483,0.0041856689800000004,0
PRV56061,0,0.0,0,9.323773e-05,5.5942638e-05,0
PRV56064,0,0.0,0,5.636431e-05,3.3818586e-05,0
PRV56069,0,0.0,0,8.5131505e-05,5.1078903e-05,0
PRV56070,0,0.0,0,0.00027289955,0.00016373972999999997,0
PRV56074,0,0.01,0,0.0043622474,0.00661734844,0
PRV56079,0,0.0,0,0.00011564356,6.9386136e-05,0
PRV56081,0,0.02,0,0.0023934178,0.00943605068,0
PRV56082,0,0.0,0,0.00019512825,0.00011707695,0
PRV56085,0,0.0,0,0.001328197,0.0007969181999999999,0
PRV56096,0,0.02,0,0.00029288072,0.008175728432,0
PRV56097,0,0.0,0,8.253863e-05,4.9523178e-05,0
PRV56100,0,0.0,0,2.6024625e-05,1.5614775e-05,0
PRV56107,0,0.0,0,0.0003093203,0.00018559218,0
PRV56110,0,0.01,0,0.0007297029,0.00443782174,0
PRV56112,0,0.02,0,0.00044924542,0.008269547252,0
PRV56127,0,0.08,0,0.0010609481,0.03263656886,0
PRV56128,0,0.13,0,0.006499052,0.0558994312,0
PRV56132,0,0.08,0,0.02160254,0.044961524,0
PRV56144,0,0.01,0,0.00077363447,0.004464180682,0
PRV56150,0,0.0,0,0.0002128634,0.00012771804,0
PRV56155,0,0.04,0,0.0011883769,0.01671302614,0
PRV56160,0,0.01,0,0.00029627047,0.004177762282,0
PRV56162,0,0.0,0,0.00019910262,0.000119461572,0
PRV56167,0,0.0,0,0.00061564025,0.00036938414999999994,0
PRV56175,0,0.01,0,0.0011272781,0.00467636686,0
PRV56178,0,0.02,0,0.0021578737,0.00929472422,0
PRV56180,0,0.04,0,0.001883791,0.017130274600000002,0
PRV56188,0,0.0,0,7.381604e-05,4.4289624e-05,0
PRV56192,0,0.0,0,0.0003991745,0.00023950469999999997,0
PRV56195,0,0.02,0,0.0010880091,0.00865280546,0
PRV56197,0,0.0,0,0.00017825668,0.000106954008,0
PRV56203,0,0.41,1,0.73076046,0.602456276,1
PRV56204,0,0.13,0,0.20339929,0.174039574,0
PRV56205,0,0.25,1,0.6003353,0.46020118,0
PRV56215,0,0.0,0,0.0005683169,0.00034099014,0
PRV56223,0,0.3,0,0.1804381,0.22826285999999998,0
PRV56226,0,0.36,0,0.21600378,0.273602268,0
PRV56230,0,0.23,0,0.39685565,0.33011339,0
PRV56240,0,0.36,0,0.087045655,0.19622739299999997,0
PRV56244,0,0.47,1,0.9644904,0.7666942399999999,1
PRV56246,0,0.02,0,0.008717196,0.0132303176,0
PRV56250,0,0.01,0,0.0018998374,0.00513990244,0
PRV56254,0,0.02,0,0.002792521,0.0096755126,0
PRV56273,0,0.0,0,0.0011173562,0.00067041372,0
PRV56292,0,0.0,0,9.13026e-05,5.478156e-05,0
PRV56294,0,0.01,0,0.0010553685,0.0046332211,0
PRV56296,0,0.0,0,0.00013320988,7.9925928e-05,0
PRV56298,0,0.01,0,0.0005143682,0.00430862092,0
PRV56312,0,0.02,0,0.0005635069,0.00833810414,0
PRV56315,0,0.0,0,0.00028530296,0.00017118177599999998,0
PRV56320,0,0.03,0,0.015621145,0.021372687,0
PRV56323,0,0.01,0,0.00075351907,0.004452111442,0
PRV56325,0,0.0,0,0.0008594229,0.00051565374,0
PRV56326,0,0.0,0,0.0001803627,0.00010821761999999999,0
PRV56327,0,0.0,0,0.0001388682,8.332092e-05,0
PRV56332,0,0.0,0,2.2198627e-05,1.3319176199999999e-05,0
PRV56343,0,0.45,1,0.6599859,0.57599154,1
PRV56356,0,0.0,0,0.00059366855,0.00035620112999999997,0
PRV56359,0,0.0,0,7.370448e-05,4.4222688e-05,0
PRV56365,0,0.0,0,5.884795e-05,3.530877e-05,0
PRV56371,0,0.01,0,0.0019024244,0.00514145464,0
PRV56372,0,0.0,0,3.3925673e-05,2.03554038e-05,0
PRV56382,0,0.01,0,0.00040127098,0.004240762588,0
PRV56383,0,0.07,0,0.018891713,0.039335027800000005,0
PRV56386,0,0.03,0,0.00023176528,0.012139059168,0
PRV56399,0,0.07,0,0.021077573,0.040646543800000004,0
PRV56402,0,0.25,0,0.27954724,0.267728344,0
PRV56409,0,0.49,0,0.4823086,0.48538516,0
PRV56419,0,0.0,0,9.1938025e-05,5.5162814999999994e-05,0
PRV56420,0,0.01,0,0.0011595048,0.00469570288,0
PRV56422,0,0.0,0,0.0032307522,0.00193845132,0
PRV56424,0,0.02,0,0.0014314647,0.00885887882,0
PRV56429,0,0.26,0,0.045253772,0.1311522632,0
PRV56431,0,0.22,0,0.43108585,0.34665151,0
PRV56434,0,0.02,0,0.0013973323,0.00883839938,0
PRV56436,0,0.01,0,0.0008140466,0.00448842796,0
PRV56443,0,0.08,0,0.006319893,0.0357919358,0
PRV56446,0,0.0,0,0.0010248808,0.00061492848,0
PRV56450,0,0.05,0,0.00081140036,0.020486840216000005,0
PRV56457,0,0.01,0,0.0034300731,0.00605804386,0
PRV56459,0,0.0,0,0.01783161,0.010698966,0
PRV56460,1,0.91,1,0.9982645,0.9629587,1
PRV56462,0,0.2,0,0.009007692,0.08540461520000002,0
PRV56465,0,0.0,0,0.0033989518,0.00203937108,0
PRV56472,0,0.02,0,0.00010759645,0.00806455787,0
PRV56488,0,0.0,0,0.00078909827,0.000473458962,0
PRV56491,0,0.0,0,0.00035846911,0.00021508146599999998,0
PRV56492,0,0.02,0,0.00085837784,0.008515026704,0
PRV56493,0,0.16,0,0.07533335,0.10920000999999999,0
PRV56499,0,0.25,1,0.69219106,0.5153146359999999,1
PRV56503,0,0.08,0,0.014060639,0.0404363834,0
PRV56505,0,0.01,0,0.00076347566,0.004458085396,0
PRV56506,0,0.0,0,8.98885e-05,5.39331e-05,0
PRV56513,0,0.01,0,0.00011766221,0.004070597326,0
PRV56516,0,0.01,0,0.00039375215,0.00423625129,0
PRV56520,0,0.0,0,0.0017904857,0.00107429142,0
PRV56532,0,0.39,1,0.7406168,0.60037008,1
PRV56534,0,0.01,0,0.0017229888,0.0050337932800000006,0
PRV56542,0,0.04,0,0.0025794783,0.01754768698,0
PRV56558,0,0.3,0,0.49589774,0.41753864399999996,0
PRV56561,0,0.02,0,0.0004811718,0.00828870308,0
PRV56564,0,0.27,1,0.6998242,0.52789452,1
PRV56565,0,0.4,0,0.13804258,0.24282554800000003,0
PRV56567,0,0.0,0,0.00048279774,0.000289678644,0
PRV56569,0,0.0,0,0.00038271712,0.00022963027199999998,0
PRV56573,1,0.81,1,0.99992156,0.9239529360000001,1
PRV56599,0,0.01,0,0.004097607,0.006458564199999999,0
PRV56600,0,0.0,0,0.0001479321,8.875926e-05,0
PRV56609,0,0.0,0,0.0048885248,0.00293311488,0
PRV56612,1,0.56,0,0.32980692,0.42188415200000007,0
PRV56617,0,0.03,0,0.0037026992,0.01422161952,0
PRV56619,0,0.0,0,0.0003261042,0.00019566252,0
PRV56620,0,0.03,0,0.0024755688,0.01348534128,0
PRV56623,0,0.08,0,0.008556146,0.0371336876,0
PRV56627,0,0.0,0,4.8998085e-05,2.9398851e-05,0
PRV56629,0,0.08,0,0.06367773,0.070206638,0
PRV56631,0,0.08,0,0.09529426,0.089176556,0
PRV56636,0,0.04,0,0.0010068925,0.0166041355,0
PRV56644,0,0.0,0,0.00014868884,8.921330399999999e-05,0
PRV56646,0,0.0,0,5.764879e-05,3.4589274e-05,0
PRV56650,0,0.03,0,0.013987057,0.020392234199999998,0
PRV56652,0,0.03,0,0.00092861004,0.012557166024,0
PRV56661,0,0.02,0,0.0012435392,0.00874612352,0
PRV56665,0,0.0,0,0.012547514,0.007528508399999999,0
PRV56666,0,0.31,0,0.18320292,0.23392175199999998,0
PRV56670,0,0.0,0,0.00012441895,7.465137e-05,0
PRV56676,0,0.01,0,2.6663853e-05,0.0040159983118,0
PRV56678,1,0.67,1,0.9907588,0.86245528,1
PRV56690,0,0.0,0,0.00057676045,0.00034605627,0
PRV56692,0,0.0,0,3.1623666e-05,1.89741996e-05,0
PRV56695,0,0.0,0,5.3725777e-05,3.22354662e-05,0
PRV56698,0,0.0,0,2.706863e-05,1.6241178e-05,0
PRV56704,0,0.01,0,0.00061258645,0.00436755187,0
PRV56709,0,0.1,0,0.033793982,0.0602763892,0
PRV56714,0,0.14,0,0.3683296,0.27699776,0
PRV56727,0,0.33,1,0.93137336,0.690824016,1
PRV56736,0,0.01,0,0.009489674,0.009693804399999999,0
PRV56737,0,0.0,0,0.00584741,0.0035084459999999997,0
PRV56744,0,0.0,0,0.00020964949,0.000125789694,0
PRV56756,0,0.43,1,0.89120406,0.706722436,1
PRV56757,0,0.0,0,0.0018403629,0.0011042177399999999,0
PRV56770,0,0.04,0,0.0032199963,0.01793199778,0
PRV56776,1,0.64,1,0.9061185,0.7996711,1
PRV56779,0,0.01,0,3.754765e-05,0.00402252859,0
PRV56781,0,0.08,0,0.008067087,0.0368402522,0
PRV56785,0,0.0,0,0.0008610352,0.0005166211199999999,0
PRV56786,0,0.01,0,5.7621644e-05,0.0040345729864,0
PRV56787,0,0.47,1,0.8111492,0.67468952,1
PRV56794,0,0.0,0,0.00028157732,0.00016894639199999998,0
PRV56795,0,0.01,0,0.00091728684,0.004550372104,0
PRV56799,0,0.01,0,0.0042152577,0.00652915462,0
PRV56804,0,0.0,0,3.972146e-05,2.3832875999999998e-05,0
PRV56806,0,0.0,0,0.00015570552,9.342331199999999e-05,0
PRV56812,0,0.01,0,0.00082848326,0.004497089956,0
PRV56814,0,0.28,0,0.023902716,0.1263416296,0
PRV56815,0,0.02,0,0.0015830692,0.00894984152,0
PRV56817,0,0.0,0,0.00044717515,0.00026830509,0
PRV56822,0,0.0,0,0.0004518642,0.00027111852,0
PRV56825,0,0.0,0,0.001644851,0.0009869106,0
PRV56827,0,0.02,0,0.0030167962,0.009810077720000001,0
PRV56838,0,0.0,0,0.00011393579,6.8361474e-05,0
PRV56841,0,0.07,0,0.013170549,0.0359023294,0
PRV56842,0,0.01,0,0.0002393806,0.00414362836,0
PRV56844,0,0.0,0,0.00040923088,0.000245538528,0
PRV56847,0,0.03,0,0.00011791931,0.012070751586,0
PRV56848,0,0.0,0,8.76387e-05,5.2583219999999996e-05,0
PRV56849,0,0.0,0,0.0010534789,0.00063208734,0
PRV56859,0,0.0,0,0.002034601,0.0012207606,0
PRV56865,0,0.0,0,0.00012093275,7.255965e-05,0
PRV56872,0,0.0,0,0.0005415672,0.00032494032,0
PRV56874,0,0.01,0,0.0021288332,0.00527729992,0
PRV56875,0,0.02,0,0.002895583,0.0097373498,0
PRV56876,0,0.15,0,0.12090985,0.13254591,0
PRV56883,0,0.06,0,0.00018876271,0.024113257626,0
PRV56898,0,0.0,0,0.00051444245,0.00030866547,0
PRV56899,0,0.15,0,0.013350982,0.0680105892,0
PRV56911,0,0.05,0,0.0038561146,0.022313668760000002,0
PRV56913,0,0.25,0,0.047898736,0.1287392416,0
PRV56921,0,0.01,0,0.0004197143,0.00425182858,0
PRV56922,0,0.0,0,0.00052189763,0.000313138578,0
PRV56924,0,0.0,0,0.0005991197,0.00035947181999999996,0
PRV56925,0,0.01,0,0.00025976409,0.004155858454,0
PRV56927,0,0.0,0,0.00015275333,9.1651998e-05,0
PRV56936,0,0.0,0,0.00017227365,0.00010336419,0
PRV56940,0,0.0,0,0.00024014917,0.000144089502,0
PRV56943,0,0.0,0,0.00019406414,0.00011643848399999999,0
PRV56952,0,0.0,0,0.00013401457,8.0408742e-05,0
PRV56955,0,0.0,0,0.002134758,0.0012808548,0
PRV56959,0,0.01,0,0.0021855931,0.00531135586,0
PRV56961,0,0.01,0,7.788292e-05,0.004046729752,0
PRV56962,0,0.03,0,0.042082507,0.0372495042,0
PRV56968,0,0.03,0,0.000492119,0.0122952714,0
PRV56975,0,0.0,0,0.00019298855,0.00011579312999999999,0
PRV56979,0,0.0,0,0.0002029355,0.00012176129999999998,0
PRV56983,0,0.0,0,3.859097e-05,2.3154582e-05,0
PRV56994,0,0.02,0,0.00013361353,0.008080168118,0
PRV57001,0,0.0,0,0.00018995599,0.000113973594,0
PRV57003,0,0.02,0,0.00022322983,0.008133937898,0
PRV57007,0,0.01,0,6.644186e-05,0.004039865116,0
PRV57008,0,0.0,0,0.00021525132,0.000129150792,0
PRV57009,0,0.0,0,0.00025764358,0.000154586148,0
PRV57012,0,0.0,0,0.0011708256,0.0007024953599999999,0
PRV57019,0,0.0,0,0.00010631323,6.3787938e-05,0
PRV57022,0,0.2,1,0.69578993,0.497473958,0
PRV57026,0,0.09,0,0.028172132,0.0529032792,0
PRV57027,0,0.05,0,0.00040972547,0.020245835282000003,0
PRV57028,0,0.11,0,0.019667232,0.05580033920000001,0
PRV57029,0,0.0,0,0.0001860976,0.00011165855999999999,0
PRV57032,0,0.21,0,0.11757925,0.15454755,0
PRV57035,0,0.07,0,0.01583632,0.037501792000000006,0
PRV57037,0,0.0,0,0.0065120887,0.003907253219999999,0
PRV57040,0,0.01,0,0.00071464275,0.00442878565,0
PRV57042,0,0.01,0,5.7821726e-05,0.0040346930356,0
PRV57044,0,0.0,0,2.372865e-05,1.4237189999999999e-05,0
PRV57045,0,0.02,0,0.00012552842,0.008075317052,0
PRV57050,0,0.05,0,0.006919027,0.024151416200000005,0
PRV57055,0,0.04,0,6.328198e-05,0.016037969188,0
PRV57060,0,0.0,0,7.882931e-05,4.7297585999999994e-05,0
PRV57064,0,0.0,0,0.00038311753,0.00022987051799999998,0
PRV57065,0,0.04,0,0.003712392,0.0182274352,0
PRV57066,0,0.0,0,0.0004667166,0.00028002995999999996,0
PRV57068,0,0.01,0,0.00013361072,0.004080166432,0
PRV57070,0,0.07,0,0.004715242,0.030829145200000005,0
PRV57071,0,0.0,0,0.003070777,0.0018424661999999997,0
PRV57079,0,0.07,0,0.008354151,0.033012490600000007,0
PRV57083,0,0.02,0,0.0002754965,0.0081652979,0
PRV57090,0,0.06,0,0.0013955076,0.024837304560000002,0
PRV57095,0,0.02,0,0.0016480774,0.00898884644,0
PRV57106,0,0.02,0,0.0020891172,0.00925347032,0
PRV57111,0,0.19,0,0.08493884,0.126963304,0
PRV57114,0,0.0,0,0.0001439496,8.636976e-05,0
PRV57123,0,0.16,0,0.13031067,0.142186402,0
PRV57135,0,0.01,0,0.00015414465,0.00409248679,0
PRV57155,0,0.02,0,0.0008310814,0.00849864884,0
PRV57163,0,0.0,0,0.015516011,0.009309606599999999,0
PRV57164,0,0.02,0,0.00060885504,0.008365313024,0
PRV57178,1,0.78,1,0.9477192,0.88063152,1
PRV57180,0,0.11,0,0.0035163136,0.046109788160000005,0
PRV57195,1,0.56,0,0.47911555,0.5114693299999999,1
PRV57201,0,0.24,0,0.018661615,0.107196969,0
PRV57214,1,0.75,1,0.9974005,0.8984403000000001,1
PRV57220,0,0.14,0,0.18996851,0.169981106,0
PRV57221,0,0.0,0,0.0031142046,0.0018685227599999998,0
PRV57222,0,0.03,0,0.00070831703,0.012424990218,0
PRV57226,0,0.05,0,0.09832862,0.078997172,0
PRV57229,0,0.02,0,0.014164853,0.016498911800000002,0
PRV57237,0,0.01,0,0.00012738197,0.0040764291820000005,0
PRV57243,0,0.0,0,0.0003130674,0.00018784044,0
PRV57249,0,0.0,0,2.7110094e-05,1.62660564e-05,0
PRV57254,0,0.01,0,0.003959136,0.0063754816,0
PRV57258,0,0.01,0,0.00017398006,0.004104388036,0
PRV57260,0,0.0,0,0.0001586701,9.520206e-05,0
PRV57267,0,0.01,0,0.0004407686,0.00426446116,0
PRV57268,0,0.0,0,9.434082e-05,5.6604491999999995e-05,0
PRV57271,0,0.0,0,0.00068759324,0.000412555944,0
PRV57279,0,0.01,0,0.0011446375,0.0046867825,0
PRV57281,0,0.01,0,0.0034669768,0.00608018608,0
PRV57292,0,0.03,0,0.0032773067,0.01396638402,0
PRV57296,0,0.05,0,0.0037138436,0.022228306160000003,0
PRV57300,0,0.29,1,0.97889334,0.703336004,1
PRV57323,1,0.85,1,0.9494717,0.9096830200000001,1
PRV57337,0,0.39,0,0.463247,0.4339482,0
PRV57338,0,0.0,0,4.3149423e-05,2.5889653799999998e-05,0
PRV57342,0,0.0,0,9.011825e-05,5.4070949999999994e-05,0
PRV57349,0,0.0,0,0.00018413801,0.000110482806,0
PRV57353,0,0.0,0,0.00025225696,0.00015135417599999998,0
PRV57360,0,0.01,0,0.0016728927,0.00500373562,0
PRV57362,0,0.01,0,3.9486506e-05,0.0040236919036,0
PRV57370,0,0.01,0,0.0003042711,0.00418256266,0
PRV57377,0,0.01,0,0.0037000214,0.006220012840000001,0
PRV57383,0,0.02,0,0.0005846747,0.00835080482,0
PRV57384,0,0.01,0,0.00029066534,0.004174399204,0
PRV57387,0,0.02,0,0.00029153735,0.00817492241,0
PRV57395,0,0.0,0,0.00068205845,0.00040923506999999997,0
PRV57418,0,0.0,0,0.0006216869,0.00037301213999999997,0
PRV57420,0,0.0,0,0.00019596485,0.00011757890999999999,0
PRV57428,0,0.07,0,0.006661815,0.031997089000000006,0
PRV57430,0,0.01,0,0.00038774457,0.004232646742,0
PRV57439,0,0.01,0,0.00015619281,0.004093715686,0
PRV57442,0,0.0,0,0.00079505006,0.000477030036,0
PRV57451,0,0.0,0,0.0008868854,0.00053213124,0
PRV57457,0,0.0,0,0.0032074861,0.00192449166,0
PRV57458,0,0.02,0,0.009974747,0.0139848482,0
PRV57466,0,0.01,0,0.00065983686,0.004395902116,0
PRV57478,0,0.02,0,0.0029962729,0.00979776374,0
PRV57480,0,0.43,1,0.5845499,0.52272994,1
PRV57482,0,0.0,0,8.040312e-05,4.8241872e-05,0
PRV57483,0,0.0,0,0.00041837507,0.000251025042,0
PRV57493,0,0.03,0,0.004148928,0.0144893568,0
PRV57494,0,0.2,0,0.037656073,0.10259364380000001,0
PRV57497,0,0.0,0,0.00016153748,9.692248799999999e-05,0
PRV57498,0,0.03,0,0.017104305,0.022262583000000002,0
PRV57503,0,0.33,0,0.36116475,0.34869885,0
PRV57505,0,0.02,0,0.0014755228,0.00888531368,0
PRV57506,0,0.0,0,0.00023118376,0.000138710256,0
PRV57508,0,0.01,0,0.00026513322,0.004159079932,0
PRV57511,0,0.3,0,0.2702293,0.28213758,0
PRV57513,0,0.0,0,0.0005623973,0.00033743837999999996,0
PRV57524,0,0.0,0,0.0005490808,0.00032944848,0
PRV57535,0,0.0,0,0.0015167161,0.00091002966,0
PRV57537,1,0.56,0,0.29157454,0.39894472400000003,0
PRV57538,0,0.03,0,0.0012780896,0.01276685376,0
PRV57554,0,0.0,0,5.920047e-05,3.5520282e-05,0
PRV57556,0,0.0,0,0.00039551375,0.00023730825,0
PRV57559,0,0.0,0,0.0007222824,0.00043336944,0
PRV57562,0,0.04,0,0.0006677487,0.01640064922,0
PRV57566,0,0.04,0,0.0029158387,0.01774950322,0
PRV57579,0,0.09,0,0.06784008,0.076704048,0
PRV57582,0,0.0,0,0.0013036627,0.0007821976199999999,0
PRV57587,0,0.0,0,0.009026133,0.0054156798,0
PRV57589,0,0.01,0,0.0006617797,0.00439706782,0
PRV57591,0,0.02,0,0.0022963414,0.00937780484,0
PRV57604,0,0.0,0,0.0010357823,0.0006214693799999999,0
PRV57606,0,0.0,0,0.00023130898,0.000138785388,0
PRV57607,0,0.0,0,0.0042358693,0.00254152158,0
PRV57608,0,0.05,0,0.009325709,0.025595425400000003,0
PRV57620,0,0.0,0,0.000513884,0.0003083304,0
PRV57621,0,0.0,0,9.527672e-05,5.7166031999999995e-05,0
PRV57622,0,0.0,0,0.00021764192,0.000130585152,0
PRV57628,0,0.0,0,0.000646902,0.00038814119999999996,0
PRV57637,0,0.0,0,0.0005609909,0.00033659454,0
PRV57644,0,0.03,0,0.04045346,0.036272076,0
PRV57648,0,0.01,0,0.0022290344,0.00533742064,0
PRV57649,0,0.0,0,5.3207394e-05,3.19244364e-05,0
PRV57656,0,0.01,0,0.016337315,0.013802389,0
PRV57661,0,0.02,0,0.0012426504,0.00874559024,0
PRV57664,0,0.04,0,0.0016267736,0.016976064160000002,0
PRV57665,0,0.0,0,0.00053035177,0.000318211062,0
PRV57666,0,0.13,0,0.3556773,0.26540638,0
PRV57681,0,0.0,0,0.00023515668,0.000141094008,0
PRV57685,0,0.0,0,0.0004804589,0.00028827534,0
PRV57695,0,0.0,0,0.00054136803,0.00032482081799999995,0
PRV57698,0,0.02,0,0.038634047,0.0311804282,0
PRV57703,0,0.0,0,0.00011163829,6.6982974e-05,0
PRV57708,0,0.01,0,0.0010555016,0.0046333009599999996,0
PRV57713,0,0.0,0,7.477795e-05,4.486677e-05,0
PRV57726,0,0.0,0,0.00079035125,0.00047421074999999996,0
PRV57745,0,0.01,0,0.0014946387,0.00489678322,0
PRV57749,0,0.03,0,0.0015545078,0.01293270468,0
PRV57750,0,0.0,0,0.00034556634,0.000207339804,0
